aduperra,cmoua
aduperra,bsunderl
aduperra,hans
aduperra,arylk
arylk,carmen
arylk,luke
arylk,nick
arylk,jane
bsunderl,rsundara
bsunderl,gary
bsunderl,jenn
bsunderl,carmen
bsunderl,evan
bsunderl,kelli
bsunderl,alicia
bsunderl,sam
bsunderl,jane
bsunderl,sarah
bsunderl,dcotter
bsunderl,nick
bsunderl,gbanerji
bsunderl,cmoua
bsunderl,oracle
bsunderl,hr
bsunderl,edoolitt
brady,alicia
brady,andrea
brady,brittany
brady,charles
brady,carmen
brady,maria
brady,nick
brady,messenger
brady,oracle
brady,rebecca
brady,salesforce
brady,sap
brady,tibbradmin
brady,sarah
brady,lplougma
brady,jiruser
brady,jeni
brady,hr
brady,gbanerji
brady,gary
brady,dynamic
brady,dcotter
brady,erin
brady,evan
brady,jenn
brady,tclick
brady,sam
brady,ryan
brady,rmenon
brady,mberens
brady,kelli
brady,jmurphy
brady,jane
brady,gwall
brady,darcie
brady,damon
brady,cmoua
brady,arylk
carmen,sam
carmen,gbanerji
cmoua,charles
cmoua,nelson
cmoua,carmen
cmoua,gary
cmoua,jenn
cmoua,brittany
cmoua,arylk
chloe,schakrav
cbanvill,bsunderl
cbanvill,chloe
cbanvill,cmoua
cbanvill,carmen
cbanvill,arylk
cbanvill,mellis
damon,chloe
damon,carmen
damon,brittany
damon,april
damon,alicia
damon,gary
damon,jenn
damon,cmoua
damon,arylk
darcie,wdurrett
darcie,brady
maria,matttest
maria,mellis
maria,liam
maria,luke
maria,malcolm
maria,dcotter
maria,brittany
evan,sarah
evan,nick
evan,dcotter
evan,alicia
gwall,cmoua
gwall,oracle
gwall,salesforce
gwall,jane
gwall,arylk
gwall,alicia
hans,gwall
hans,oracle
hans,edoolitt
hans,arylk
hans,tibbradmin
hans,ryan
hans,andrea
jane,rmenon
jane,evan
jane,carmen
jane,kelli
jane,sarah
jane,arylk
jenn,cmoua
jmurphy,ryan
jmurphy,sam
jmurphy,jenn
jmurphy,jiruser
jmurphy,bsunderl
jmurphy,brittany
jmurphy,carmen
jmurphy,chloe
jmurphy,dcotter
jmurphy,nick
jmurphy,kelli
jmurphy,edoolitt
jmurphy,sarah
jmurphy,sap
jmurphy,messenger
jmurphy,oracle
jmurphy,salesforce
jmurphy,hr
jmurphy,jane
jmurphy,alicia
kelli,hr
kelli,sarah
kelli,sam
kelli,jane
kelli,alicia
schakrav,salesforce
schakrav,nick
schakrav,kelli
schakrav,hr
schakrav,jane
schakrav,alicia
liam,tibbradmin
luke,malcolm
malcolm,evan
malcolm,alicia
malcolm,nick
malcolm,dcotter
malcolm,chloe
malcolm,pdoyle
mberens,jmurphy
mberens,mellis
mberens,damon
mberens,hr
mberens,cmoua
mberens,salesforce
mberens,sam
mberens,jane
mberens,alicia
mberens,oracle
mberens,tclick
mberens,gwall
mberens,edoolitt
mberens,arylk
mellis,gwall
mellis,arylk
matttest,rebecca
matttest,luke
matttest,liam
matttest,malcolm
matttest,mellis
matttest,chloe
matttest,andrea
matttest,alicia
pdoyle,matttest
pdoyle,rebecca
pdoyle,erin
pdoyle,maria
pdoyle,messenger
pdoyle,gbanerji
pdoyle,nick
pdoyle,ryan
pdoyle,andrea
pdoyle,tibbradmin
pdoyle,malcolm
rsundara,ryan
rsundara,arylk
rmenon,evan
rmenon,carmen
rmenon,brittany
rmenon,alicia
ryan,arylk
ryan,evan
ryan,carmen
sarah,kelli
sarah,nick
sarah,luke
sarah,arylk
bvinnako,oracle
bvinnako,salesforce
bvinnako,dynamic
bvinnako,carmen
bvinnako,bsunderl
tclick,jane
tclick,sam
tclick,alicia
